ID,Category,Law Name,Section/Act Reference,Full Act Name,Year Enacted/Amended,Current Status,Key Provisions Summary,Who It Applies To,Enforcement Authority,Importance Level
1,Constitutional Law,Right to Equality,Article 14,Constitution of India,1950,Active,Equality before law; no discrimination by state,All Citizens,Supreme Court / High Court,High
2,Constitutional Law,Right to Freedom of Speech,Article 19(1)(a),Constitution of India,1950,Active,Freedom of speech and expression with reasonable restrictions,All Citizens,Supreme Court / High Court,High
3,Constitutional Law,Right to Life,Article 21,Constitution of India,1950,Active,No person shall be deprived of life or personal liberty except by procedure established by law,All Citizens,Supreme Court / High Court,High
4,Constitutional Law,Right Against Exploitation,Article 23-24,Constitution of India,1950,Active,Prohibition of trafficking and forced labour,All Citizens,Supreme Court / High Court,High
5,Constitutional Law,Right to Education,Article 21A,86th Constitutional Amendment,2002,Active,Free and compulsory education for children aged 6-14,Children 6-14 yrs,Supreme Court / High Court,High
6,Criminal Law,Bharatiya Nyaya Sanhita (BNS),BNS 2023,Bharatiya Nyaya Sanhita,2023,Active (from Jul 2024),"Replaced IPC; covers murder, theft, fraud, rape, terrorism etc.",All Persons,Criminal Courts,High
7,Criminal Law,Murder,Section 101 BNS,Bharatiya Nyaya Sanhita,2023,Active,Punishment for murder - death or life imprisonment,All Persons,Sessions Court,High
8,Criminal Law,Culpable Homicide,Section 100 BNS,Bharatiya Nyaya Sanhita,2023,Active,Culpable homicide not amounting to murder,All Persons,Sessions Court,High
9,Criminal Law,Rape,Section 63-70 BNS,Bharatiya Nyaya Sanhita,2023,Active,Sexual assault and rape; punishment up to life imprisonment,All Persons,Sessions Court / Fast Track Court,High
10,Criminal Law,Sexual Harassment at Workplace,POSH Act,Sexual Harassment of Women at Workplace Act,2013,Active,Mandatory ICC in organizations; complaint mechanism,Women Employees,Internal Complaints Committee,High
11,Criminal Law,Theft,Section 303 BNS,Bharatiya Nyaya Sanhita,2023,Active,Dishonest taking of movable property,All Persons,Magistrate Court,Medium
12,Criminal Law,Cheating,Section 318 BNS,Bharatiya Nyaya Sanhita,2023,Active,Deceiving a person to deliver property or cause damage,All Persons,Magistrate Court,High
13,Criminal Law,Defamation,Section 356 BNS,Bharatiya Nyaya Sanhita,2023,Active,Making or publishing imputations to harm reputation,All Persons,Magistrate Court,Medium
14,Criminal Law,Organized Crime,Section 111 BNS,Bharatiya Nyaya Sanhita,2023,Active,New provision for organized crime syndicates,All Persons,Sessions Court,High
15,Criminal Law,Terrorism,Section 113 BNS,Bharatiya Nyaya Sanhita,2023,Active,"Acts threatening unity, integrity and security of India",All Persons,NIA / Special Court,High
16,Criminal Law,Sedition (Amended),Section 152 BNS,Bharatiya Nyaya Sanhita,2023,Active,Acts endangering sovereignty; replaced old sedition law,All Persons,Sessions Court,High
17,Criminal Law,Corruption,Section 7 PC Act,Prevention of Corruption Act,1988,Active (Amended 2018),Bribery of public servants; mandatory minimum imprisonment,Public Servants,Special CBI Court,High
18,Criminal Law,NDPS Act,NDPS 1985,Narcotic Drugs and Psychotropic Substances Act,1985,Active (Amended 2021),Drug trafficking offences; death penalty for repeat offenders,All Persons,Special NDPS Court,High
19,Criminal Law,Unlawful Activities,UAPA 1967,Unlawful Activities Prevention Act,1967,Active (Amended 2019),Banning of organizations; terrorism financing,All Persons,NIA / Special Court,High
20,Procedural Law,Bharatiya Nagarik Suraksha Sanhita,BNSS 2023,Bharatiya Nagarik Suraksha Sanhita,2023,Active (from Jul 2024),"Replaced CrPC; criminal procedure, trial, bail, FIR",All Persons,All Criminal Courts,High
21,Procedural Law,Zero FIR,Section 173 BNSS,Bharatiya Nagarik Suraksha Sanhita,2023,Active,FIR can be filed at any police station regardless of jurisdiction,Complainants,Any Police Station,High
22,Procedural Law,Bail Provisions,Section 478-498 BNSS,Bharatiya Nagarik Suraksha Sanhita,2023,Active,"Regular bail, anticipatory bail, default bail rules",Accused,Magistrate / Sessions Court,High
23,Procedural Law,Trial by Video Conferencing,Section 530 BNSS,Bharatiya Nagarik Suraksha Sanhita,2023,Active,Court proceedings through electronic means,All Parties,All Courts,Medium
24,Procedural Law,Charge Framing Timeline,Section 223 BNSS,Bharatiya Nagarik Suraksha Sanhita,2023,Active,60-day limit for framing charges after cognizance,Accused,Sessions Court,Medium
25,Procedural Law,Bharatiya Sakshya Adhiniyam,BSA 2023,Bharatiya Sakshya Adhiniyam,2023,Active (from Jul 2024),Replaced Indian Evidence Act; electronic records as primary evidence,All Parties,All Courts,High
26,Procedural Law,Electronic Evidence,Section 57-63 BSA,Bharatiya Sakshya Adhiniyam,2023,Active,Electronic records admissible; Certificate requirement relaxed,All Parties,All Courts,High
27,Civil Law,Civil Procedure Code,CPC 1908,Code of Civil Procedure,1908,Active,"Procedure for civil suits, execution, appeals",All Parties,Civil Courts,High
28,Civil Law,Specific Relief,Specific Relief Act,Specific Relief Act,1963,Active (Amended 2018),Specific performance of contracts; injunctions,Contracting Parties,Civil Court,Medium
29,Civil Law,Limitation Act,Limitation Act 1963,Limitation Act,1963,Active,Time limits for filing civil suits and appeals,All Litigants,Civil Courts,High
30,Civil Law,Transfer of Property,TPA 1882,Transfer of Property Act,1882,Active,"Sale, mortgage, lease, exchange, gift of immovable property",Property Owners,Civil Court / Registration,High
31,Civil Law,Registration Act,Registration Act 1908,Registration Act,1908,Active,Compulsory registration of documents relating to property,Property Parties,Sub-Registrar Office,High
32,Civil Law,Stamp Act,Indian Stamp Act 1899,Indian Stamp Act,1899,Active,"Stamp duty on documents, instruments and agreements",All Transacting Parties,Stamp Authority / Court,Medium
33,Family Law,Hindu Marriage Act,HMA 1955,Hindu Marriage Act,1955,Active,"Marriage, divorce, maintenance for Hindus, Buddhists, Sikhs, Jains",Hindus,Family Court,High
34,Family Law,Hindu Succession Act,HSA 1956,Hindu Succession Act,1956,Active (Amended 2005),Intestate succession; daughters have equal coparcenary rights,Hindus,Civil Court,High
35,Family Law,Hindu Adoption & Maintenance,HAMA 1956,Hindu Adoptions and Maintenance Act,1956,Active,Adoption procedures and maintenance obligations for Hindus,Hindus,Family Court,Medium
36,Family Law,Muslim Personal Law,Muslim Personal Law,Muslim Personal Law (Shariat) Application Act,1937,Active,"Governs marriage, divorce, inheritance for Muslims",Muslims,Family Court,High
37,Family Law,Muslim Women Protection Act,MWP Act 2019,Muslim Women (Protection of Rights on Marriage) Act,2019,Active,Triple talaq criminalized; imprisonment up to 3 years,Muslim Women,Magistrate Court,High
38,Family Law,Indian Christian Marriage,ICMA 1872,Indian Christian Marriage Act,1872,Active,Marriage solemnization for Christians in India,Christians,Marriage Registrar,Medium
39,Family Law,Special Marriage Act,SMA 1954,Special Marriage Act,1954,Active,Civil marriage across religions; court marriage procedure,All Citizens,Marriage Officer,High
40,Family Law,Domestic Violence Act,PWDVA 2005,Protection of Women from Domestic Violence Act,2005,Active,Civil remedy for domestic violence; protection orders,Women,Magistrate Court,High
41,Family Law,Dowry Prohibition Act,DPA 1961,Dowry Prohibition Act,1961,Active,Prohibition and punishment for giving/taking dowry,All Persons,Magistrate Court,High
42,Family Law,Maintenance & Welfare of Parents,MWP Act 2007,Maintenance and Welfare of Parents and Senior Citizens Act,2007,Active (Amended 2019),Children's duty to maintain parents; tribunals established,Senior Citizens,Maintenance Tribunal,Medium
43,Family Law,Guardianship Act,Guardian & Wards Act 1890,Guardians and Wards Act,1890,Active,Appointment of guardians for minor children,Minors,Family Court,Medium
44,Family Law,Juvenile Justice Act,JJ Act 2015,Juvenile Justice (Care and Protection) Act,2015,Active (Amended 2021),Child welfare; JJB for children in conflict with law,Children below 18,Juvenile Justice Board,High
45,Family Law,POCSO Act,POCSO 2012,Protection of Children from Sexual Offences Act,2012,Active (Amended 2019),Sexual offences against children; enhanced penalties,Children below 18,Special POCSO Court,High
46,Property Law,RERA Act,RERA 2016,Real Estate (Regulation and Development) Act,2016,Active,Registration of real estate projects; builder accountability,Home Buyers,RERA Authority,High
47,Property Law,Land Acquisition Act,RFCTLARR 2013,Right to Fair Compensation and Transparency in Land Acquisition Act,2013,Active,Land acquisition process; compensation and rehabilitation,Landowners,Land Acquisition Officer,High
48,Property Law,Rent Control Acts,State Rent Acts,Various State Rent Control Acts,1947-2000,Active (varies by state),Protection of tenants from eviction; rent regulation,Tenants & Landlords,Rent Controller,High
49,Property Law,Apartment Ownership,Various State Laws,Apartment Ownership Acts (State-wise),1972-2000,Active,Ownership rights in apartments and condominiums,Apartment Owners,Civil Court,Medium
50,Property Law,Benami Transactions Act,PBPT Act 1988,Prohibition of Benami Property Transactions Act,1988,Active (Amended 2016),Prohibition of benami transactions; confiscation of property,Property Holders,Adjudicating Authority,High
51,Contract Law,Indian Contract Act,ICA 1872,Indian Contract Act,1872,Active,"Formation, validity and enforcement of contracts",All Contracting Parties,Civil Court,High
52,Contract Law,Sale of Goods Act,SOGA 1930,Sale of Goods Act,1930,Active,Conditions and warranties in sale of goods,Buyers & Sellers,Civil Court,High
53,Contract Law,Arbitration & Conciliation,A&C Act 1996,Arbitration and Conciliation Act,1996,Active (Amended 2021),Domestic and international arbitration; enforcement of awards,Disputing Parties,Arbitral Tribunal,High
54,Contract Law,Insolvency & Bankruptcy Code,IBC 2016,Insolvency and Bankruptcy Code,2016,Active (Amended 2021),"Resolution of insolvency for companies, firms, individuals",Debtors & Creditors,NCLT / DRT,High
55,Contract Law,Consumer Protection Act,CPA 2019,Consumer Protection Act,2019,Active,Consumer rights; e-commerce regulation; CCPA established,Consumers,Consumer Commission,High
56,Contract Law,Negotiable Instruments Act,NIA 1881,Negotiable Instruments Act,1881,Active,"Cheques, bills of exchange, promissory notes",Banking Parties,Magistrate Court,High
57,Contract Law,Cheque Dishonour,Section 138 NI Act,Negotiable Instruments Act,1881,Active,Criminal liability for cheque bounce; up to 2 years imprisonment,All Persons,Magistrate Court,High
58,Company Law,Companies Act,Companies Act 2013,Companies Act,2013,Active (Amended 2020),"Incorporation, management, winding up of companies",Companies,NCLT / ROC,High
59,Company Law,LLP Act,LLP Act 2008,Limited Liability Partnership Act,2008,Active (Amended 2021),Formation and regulation of Limited Liability Partnerships,LLP Partners,ROC,Medium
60,Company Law,SEBI Act,SEBI Act 1992,Securities and Exchange Board of India Act,1992,Active,Regulation of securities market; investor protection,Investors & Companies,SEBI,High
61,Company Law,FEMA,FEMA 1999,Foreign Exchange Management Act,1999,Active,Regulation of foreign exchange; capital account transactions,Businesses & Individuals,Enforcement Directorate,High
62,Company Law,Competition Act,Competition Act 2002,Competition Act,2002,Active (Amended 2023),Prevention of anti-competitive practices; CCI regulation,All Market Players,Competition Commission of India,High
63,Company Law,GST Law,CGST Act 2017,Central Goods and Services Tax Act,2017,Active (Amended 2023),Unified indirect tax; input tax credit mechanism,All Businesses,GST Authority,High
64,Company Law,Income Tax Act,IT Act 1961,Income Tax Act,1961,Active (Amended annually),"Taxation of income; TDS, advance tax, assessments",All Taxpayers,Income Tax Department,High
65,Company Law,Benami Black Money,Black Money Act 2015,Black Money (Undisclosed Foreign Income) Act,2015,Active,Taxation of undisclosed foreign income; heavy penalties,Taxpayers,Tax Authority,High
66,Labour Law,Industrial Relations Code,IRC 2020,Industrial Relations Code,2020,Active,"Trade unions, collective bargaining, industrial disputes",Employers & Workers,Labour Court,High
67,Labour Law,Code on Wages,Wages Code 2019,Code on Wages,2019,Active,"Minimum wages, payment of wages, equal remuneration",All Workers,Labour Commissioner,High
68,Labour Law,Social Security Code,SS Code 2020,Code on Social Security,2020,Active,"EPF, ESI, gratuity, maternity benefits, gig workers included",All Workers,EPFO / ESIC,High
69,Labour Law,Occupational Safety Code,OSH Code 2020,"Occupational Safety, Health and Working Conditions Code",2020,Active,"Safety standards for factories, mines, construction",Workers,Factory Inspector,High
70,Labour Law,Maternity Benefit Act,MBA 1961,Maternity Benefit Act,1961,Active (Amended 2017),26 weeks maternity leave; work from home post maternity,Women Employees,Labour Commissioner,High
71,Labour Law,Gratuity Act,PG Act 1972,Payment of Gratuity Act,1972,Active,Gratuity payable after 5 years service; enhanced ceiling,Employees,Controlling Authority,Medium
72,Labour Law,Child Labour Act,CL Act 1986,Child Labour (Prohibition and Regulation) Act,1986,Active (Amended 2016),Prohibition of child labour below 14; adolescent work conditions,Children & Employers,Labour Inspector,High
73,Labour Law,Contract Labour Act,CL(R&A) Act 1970,Contract Labour (Regulation and Abolition) Act,1970,Active,Regulation of contract workers; licensing of contractors,Contract Workers,Labour Commissioner,Medium
74,Labour Law,Equal Remuneration Act,ERA 1976,Equal Remuneration Act,1976,Active (subsumed in Wages Code),Equal pay for equal work regardless of gender,All Workers,Labour Commissioner,High
75,Environmental Law,Environment Protection Act,EPA 1986,Environment Protection Act,1986,Active,Umbrella law for environmental protection; MoEF powers,All Persons,National Green Tribunal,High
76,Environmental Law,National Green Tribunal Act,NGT Act 2010,National Green Tribunal Act,2010,Active,Specialized tribunal for environmental cases; compensation,All Persons,National Green Tribunal,High
77,Environmental Law,Water Pollution Act,WP Act 1974,Water (Prevention and Control of Pollution) Act,1974,Active,Prevention and control of water pollution; PCB powers,Industries & Citizens,Pollution Control Board,High
78,Environmental Law,Air Pollution Act,AP Act 1981,Air (Prevention and Control of Pollution) Act,1981,Active,Standards for air quality; consent from PCB required,Industries,Pollution Control Board,High
79,Environmental Law,Forest Act,Indian Forest Act 1927,Indian Forest Act,1927,Active (Amended 2023),Classification of forests; penalties for forest offences,All Persons,Forest Tribunal,High
80,Environmental Law,Forest Rights Act,FRA 2006,Scheduled Tribes and Other Traditional Forest Dwellers Act,2006,Active,Rights of forest dwellers over forest land,Forest Communities,Gram Sabha / District Level,High
81,Environmental Law,Wildlife Protection Act,WPA 1972,Wildlife Protection Act,1972,Active (Amended 2022),"Protection of wild animals, birds; hunting prohibition",All Persons,Wildlife Crime Control Bureau,High
82,Environmental Law,Plastic Waste Rules,PWM Rules 2016,Plastic Waste Management Rules,2016,Active (Amended 2022),Prohibition on single-use plastics; EPR obligations,Manufacturers & Consumers,Local Authority / PCB,Medium
83,Environmental Law,E-Waste Rules,E-Waste Rules 2022,E-Waste (Management) Rules,2022,Active,EPR for electronics manufacturers; collection targets,Electronics Manufacturers,Central Pollution Control Board,Medium
84,Cyber Law,Information Technology Act,IT Act 2000,Information Technology Act,2000,Active (Amended 2008),"Cyber crimes, e-commerce, digital signatures",All Persons,Cyber Appellate Tribunal / Court,High
85,Cyber Law,Data Protection Act,DPDP Act 2023,Digital Personal Data Protection Act,2023,Active (Rules pending 2025),Data fiduciary obligations; consent framework; penalties up to 250 Cr,All Digital Entities,Data Protection Board,High
86,Cyber Law,IT (Amendment) Rules 2021,IT Rules 2021,Information Technology (Intermediary Guidelines) Rules,2021,Active (Amended 2023),Due diligence for intermediaries; Grievance officer mandatory,Social Media & Platforms,MeitY / Court,High
87,Cyber Law,Cyber Crime,Section 66 IT Act,Information Technology Act,2000,Active,"Hacking, identity theft, cyberstalking penalties",All Persons,Cyber Crime Police / Court,High
88,Cyber Law,Intermediary Liability,Section 79 IT Act,Information Technology Act,2000,Active,Safe harbour for intermediaries if due diligence followed,Online Platforms,Courts,High
89,Cyber Law,Right to be Forgotten,DPDP Act 2023,Digital Personal Data Protection Act,2023,Active,Right to erase personal data from platforms,Data Principals,Data Protection Board,High
90,Cyber Law,Cryptocurrency Regulation,VDA Tax Rules 2022,Finance Act (VDA Provisions),2022,Active,30% tax on crypto income; 1% TDS on transfers,Crypto Investors,Income Tax Department,High
91,IP Law,Patents Act,Patents Act 1970,Patents Act,1970,Active (Amended 2005),Patent protection for inventions; 20-year term,Inventors & Companies,Patent Office / IPAB,High
92,IP Law,Trade Marks Act,TM Act 1999,Trade Marks Act,1999,Active,Registration and protection of trademarks,Businesses,Trade Marks Registry,High
93,IP Law,Copyright Act,Copyright Act 1957,Copyright Act,1957,Active (Amended 2012),"Protection of literary, artistic, musical works; 60 years term",Creators,Copyright Office / Court,High
94,IP Law,Designs Act,Designs Act 2000,Designs Act,2000,Active,Protection of industrial designs; 10+5 year term,Designers,Designs Office,Medium
95,IP Law,Geographical Indications Act,GI Act 1999,Geographical Indications of Goods Act,1999,Active,"Protection of GI tags like Darjeeling Tea, Basmati Rice",Producers,GI Registry,Medium
96,Banking Law,Banking Regulation Act,BR Act 1949,Banking Regulation Act,1949,Active (Amended 2020),Regulation and supervision of banks by RBI,Banks,Reserve Bank of India,High
97,Banking Law,SARFAESI Act,SARFAESI 2002,Securitisation and Reconstruction of Financial Assets Act,2002,Active,Banks can recover NPA without court intervention,Banks & Borrowers,DRT / Courts,High
98,Banking Law,Prevention of Money Laundering,PMLA 2002,Prevention of Money Laundering Act,2002,Active (Amended 2023),Money laundering offence; attachment and confiscation,All Persons,Enforcement Directorate / PMLA Court,High
99,Banking Law,RBI Regulations,RBI Act 1934,Reserve Bank of India Act,1934,Active,Functions of RBI; monetary policy; currency management,Banks & NBFCs,Reserve Bank of India,High
100,Banking Law,Insurance Regulation,IRDA Act 1999,Insurance Regulatory and Development Authority Act,1999,Active,Regulation of insurance companies; policyholder protection,Insurance Companies & Policyholders,IRDAI / Consumer Forum,High
101,Administrative Law,Right to Information Act,RTI Act 2005,Right to Information Act,2005,Active,Citizens can seek information from public authorities within 30 days,All Citizens,PIO / CIC / SIC,High
102,Administrative Law,Prevention of Corruption Act,PC Act 1988,Prevention of Corruption Act,1988,Active (Amended 2018),Corruption offences by public servants; prior sanction for prosecution,Public Servants,Special CBI/ACB Court,High
103,Administrative Law,Administrative Tribunals Act,ATA 1985,Administrative Tribunals Act,1985,Active,Service matters of central government employees,Government Employees,Central Administrative Tribunal,Medium
104,Administrative Law,Lokpal Act,Lokpal Act 2013,Lokpal and Lokayuktas Act,2013,Active,Independent anti-corruption ombudsman for central government,Public Officials,Lokpal,High
105,Administrative Law,Whistle Blowers Protection,WBP Act 2014,Whistle Blowers Protection Act,2014,Active,Protection for persons disclosing corruption or wilful misuse,Government Employees & Citizens,Competent Authority,High
106,Healthcare Law,Clinical Establishments Act,CEA 2010,Clinical Establishments (Registration and Regulation) Act,2010,Active,Registration and regulation of clinical establishments,Healthcare Providers,District Registration Authority,Medium
107,Healthcare Law,Drugs & Cosmetics Act,D&C Act 1940,Drugs and Cosmetics Act,1940,Active (Amended 2023),"Standards for manufacture, sale of drugs and cosmetics",Pharmaceutical Companies,Drug Controller,High
108,Healthcare Law,Transplantation of Human Organs,THO Act 1994,Transplantation of Human Organs and Tissues Act,1994,Active (Amended 2011),Regulates organ transplantation; prevents organ trafficking,Hospitals & Patients,Authorisation Committee,High
109,Healthcare Law,Mental Healthcare Act,MHC Act 2017,Mental Healthcare Act,2017,Active,Rights of persons with mental illness; advance directives,Persons with Mental Illness,Mental Health Review Board,High
110,Healthcare Law,Medical Devices Rules,MD Rules 2017,Medical Devices Rules,2017,Active (Amended 2020),Classification and regulation of medical devices,Manufacturers & Importers,CDSCO,Medium
111,Education Law,RTE Act,RTE Act 2009,Right to Education Act,2009,Active,Free and compulsory education for 6-14 years; 25% reservation in pvt schools,Children 6-14 yrs,State Government,High
112,Education Law,UGC Act,UGC Act 1956,University Grants Commission Act,1956,Active,Coordination and maintenance of standards in higher education,Universities & Colleges,UGC,Medium
113,Education Law,NEP 2020,NEP 2020,National Education Policy,2020,Active (Implementation ongoing),Restructuring of education system; 5+3+3+4 structure,Educational Institutions,Ministry of Education,High
114,Education Law,Prohibition of Ragging,Anti-Ragging Rules 2009,UGC Regulations on Curbing Ragging,2009,Active,Prohibition of ragging in educational institutions; FIR mandatory,Educational Institutions,Institution / Police,High
115,Human Rights Law,Protection of Human Rights Act,PHR Act 1993,Protection of Human Rights Act,1993,Active,National Human Rights Commission; state commissions,All Citizens,NHRC / SHRC,High
116,Human Rights Law,SC & ST Prevention of Atrocities Act,PoA Act 1989,Scheduled Castes and Scheduled Tribes (Prevention of Atrocities) Act,1989,Active (Amended 2018),Protection of SC/ST from atrocities; special courts,SC/ST Communities,Special Court,High
117,Human Rights Law,Persons with Disabilities Act,RPwD Act 2016,Rights of Persons with Disabilities Act,2016,Active,Rights and entitlements of disabled persons; 21 categories,Persons with Disabilities,State Commissioner for Disabilities,High
118,Human Rights Law,Transgender Persons Act,TP Act 2019,Transgender Persons (Protection of Rights) Act,2019,Active,Recognition of transgender identity; prohibition of discrimination,Transgender Persons,National Council / Courts,High
119,Human Rights Law,Bonded Labour Act,BL Act 1976,Bonded Labour System (Abolition) Act,1976,Active,Abolition of bonded labour; rehabilitation of bonded labourers,Bonded Labourers,District Magistrate,High
120,Human Rights Law,Child Marriage Prohibition Act,CPMA 2006,Prohibition of Child Marriages Act,2006,Active (Amendment pending 2023),"Minimum age: 21 for men, 18 for women; voidable child marriages",Children,Magistrate Court,High
121,Taxation Law,GST (CGST),CGST 2017,Central Goods and Services Tax Act,2017,Active,Central GST on intra-state supplies; ITC mechanism,All Businesses,GST Council / Courts,High
122,Taxation Law,GST (IGST),IGST 2017,Integrated Goods and Services Tax Act,2017,Active,IGST on inter-state and import supplies,All Businesses,GST Council / Courts,High
123,Taxation Law,Customs Act,Customs Act 1962,Customs Act,1962,Active (Amended 2023),Import/export duties; customs procedures and penalties,Importers & Exporters,Customs Authority / CESTAT,High
124,Taxation Law,Wealth Tax (Repealed),Wealth Tax 1957,Wealth Tax Act,1957,Repealed (2015),Abolished; replaced by additional income tax surcharge,High Net Worth Individuals,N/A,Low
125,Taxation Law,New Tax Regime,Finance Act 2023,Finance Act (New Tax Regime),2023,Active,Default new tax regime with lower rates; removed most exemptions,Individual Taxpayers,Income Tax Department,High
126,Taxation Law,TDS Provisions,Chapter XVII-B IT Act,Income Tax Act (TDS),1961,Active (Updated 2024),Tax deduction at source from various payments; Form 26AS,Deductors,Income Tax Department,High
127,Immigration Law,Citizenship Act,Citizenship Act 1955,Citizenship Act,1955,Active (Amended 2019),Acquisition and termination of Indian citizenship; NRC,Foreigners & Citizens,Ministry of Home Affairs,High
128,Immigration Law,CAA 2019,CAA 2019,Citizenship (Amendment) Act,2019,Active (Rules notified 2024),Fast-track citizenship for 6 minority communities from 3 countries,Persecuted Minorities,Ministry of Home Affairs,High
129,Immigration Law,Foreigners Act,Foreigners Act 1946,Foreigners Act,1946,Active,"Entry, stay and departure of foreigners in India",Foreigners,Foreigners Regional Registration Office,High
130,Immigration Law,Passport Entry into India,PEI Act 1920,Passport (Entry into India) Act,1920,Active,Mandatory passport for entry into India,All Travellers,Immigration Authority,Medium
131,Media Law,Press and Registration Act,PRB Act 2023,Press and Registration of Periodicals Act,2023,Active,Replaced 1867 Act; online registration; faster process,Media Publishers,Press Registrar General,Medium
132,Media Law,Cable Television Networks Act,CTN Act 1995,Cable Television Networks (Regulation) Act,1995,Active,Regulation of cable TV operations; programme and advertisement codes,Cable Operators,Ministry of I&B,Medium
133,Media Law,Cinematograph Act,Cinematograph Act 1952,Cinematograph Act,1952,Active (Amended 2023),Film certification by CBFC; anti-piracy provisions added,Film Producers,CBFC / Courts,Medium
134,Election Law,Representation of People Act,RPA 1951,Representation of the People Act,1951,Active,Conduct of elections; eligibility; election disputes,Voters & Candidates,Election Commission / Courts,High
135,Election Law,Model Code of Conduct,MCC,Model Code of Conduct (ECI Guidelines),1971,Active (Updated regularly),Guidelines for political parties and candidates during elections,Political Parties & Candidates,Election Commission of India,High
136,Election Law,Election Commission Act,EC Act 1991,Election Commission (Conditions of Service) Act,1991,Active,Powers and conditions of Election Commissioners,Election Commission,Parliament,Medium
137,Police Law,Police Act,Police Act 1861,Police Act,1861,Active (Being replaced state-by-state),Organization and powers of police; discipline,Police Officers,State Government,High
138,Police Law,Armed Forces Special Powers Act,AFSPA 1958,Armed Forces (Special Powers) Act,1958,Active (Reviewed annually),Special powers to armed forces in disturbed areas,Armed Forces,Central Government,High
139,Police Law,National Security Act,NSA 1980,National Security Act,1980,Active,Preventive detention for national security; 12 months max,Government,Advisory Board / High Court,High
140,Agriculture Law,Essential Commodities Act,ECA 1955,Essential Commodities Act,1955,Active (Amended 2020),Stock limits on essential commodities; price control,Traders & Farmers,State Government,High
141,Agriculture Law,Seed Act,Seeds Act 1966,Seeds Act,1966,Active (Amendment pending),Quality standards for seeds; certification,Seed Companies,State Seed Authority,Medium
142,Agriculture Law,Farmers Rights Act,FM(EPR) Act 2001,Protection of Plant Varieties and Farmers' Rights Act,2001,Active,Protection of plant varieties; farmers' rights to save seeds,Farmers & Breeders,PPV&FR Authority,Medium
143,Agriculture Law,PM-KISAN Scheme,PM-KISAN 2019,PM Kisan Samman Nidhi Scheme,2019,Active (Ongoing 2026),Rs 6000/year direct benefit to farmers; aadhaar linked,Small & Marginal Farmers,PM-KISAN Portal,High
144,Disaster Management,Disaster Management Act,DM Act 2005,Disaster Management Act,2005,Active,NDMA established; disaster preparedness and response,All Citizens,NDMA / SDMA,High
145,Disaster Management,Epidemic Diseases Act,EDA 1897,Epidemic Diseases Act,1897,Active (Amended 2020),Powers to control epidemic; violence against healthcare workers,State Governments,State Government,High
146,Consumer Law,Consumer Protection (E-Commerce) Rules,E-Com Rules 2020,Consumer Protection (E-Commerce) Rules,2020,Active (Amended 2021),E-commerce platform obligations; grievance mechanism,Online Consumers,Consumer Commission,High
147,Consumer Law,Food Safety Act,FSSA 2006,Food Safety and Standards Act,2006,Active,FSSAI regulations; food safety standards; licensing,Food Businesses,FSSAI,High
148,Consumer Law,Legal Metrology Act,LM Act 2009,Legal Metrology Act,2009,Active,Standards for weights and measures; packaged commodity rules,Manufacturers & Retailers,Legal Metrology Department,Medium
149,Consumer Law,Bureau of Indian Standards,BIS Act 2016,Bureau of Indian Standards Act,2016,Active,Quality standards; ISI mark; hallmarking of gold,Manufacturers,BIS,Medium
150,Banking Law,Cheque Bounce - New Provisions,Section 143A NI Act,Negotiable Instruments Act (Amended),2018,Active,Interim compensation up to 20% to complainant in cheque bounce cases,Cheque Recipients,Magistrate Court,High
151,Banking Law,Debt Recovery Tribunal,DRT Act 1993,Recovery of Debts Due to Banks Act,1993,Active,Fast recovery of bank dues above Rs 20 lakh,Banks & Borrowers,Debt Recovery Tribunal,High
152,Banking Law,Ombudsman Scheme,RBI Integrated Ombudsman 2021,Reserve Bank - Integrated Ombudsman Scheme,2021,Active,Single ombudsman for all RBI regulated entities,Bank Customers,Banking Ombudsman,High
153,Arbitration Law,Arbitration Amendment 2021,A&C Amendment 2021,Arbitration and Conciliation (Amendment) Act,2021,Active,Automatic stay on awards; qualification for arbitrators,Disputing Parties,Arbitral Tribunal / Court,High
154,Arbitration Law,Mediation Act,Mediation Act 2023,Mediation Act,2023,Active,Statutory framework for mediation; online mediation; enforceability,Disputing Parties,Mediation Council of India,High
155,Space Law,Indian Space Policy 2023,ISP 2023,Indian Space Policy,2023,Active,Private sector participation in space activities; ISRO commercialization,Private Space Companies,IN-SPACe,High
156,New Law 2024,Telecommunications Act 2023,Telecom Act 2023,Telecommunications Act,2023,Active (from June 2024),Replaced Indian Telegraph Act 1885; spectrum allocation; OTT regulation,Telecom Operators,DoT / TRAI,High
157,New Law 2024,Broadcasting Services Regulation Bill,BSR Bill 2024,Broadcasting Services (Regulation) Bill,2024,Pending (As of 2025),"Regulation of OTT, digital news, streaming platforms",Digital Broadcasters,MIB / Regulatory Body,High
158,New Law 2025,Competition Amendment Act 2023,Competition Act (Amended),Competition (Amendment) Act,2023,Active,Deal value threshold for mergers; settlement mechanism; hub & spoke cartel,Large Companies,Competition Commission of India,High
159,New Law 2025,Jan Vishwas Act 2023,JV Act 2023,Jan Vishwas (Amendment of Provisions) Act,2023,Active,Decriminalization of 183 provisions; imprisonment to penalty,Small Businesses & Individuals,Various Departments,High
160,New Law 2024,Coastal Aquaculture Authority Act (Amendment),CAA Amendment 2023,Coastal Aquaculture Authority (Amendment) Act,2023,Active,Electronic licensing; shrimp seed import regulations,Aquaculture Farmers,Coastal Aquaculture Authority,Medium
161,New Law 2024,Post Office Act 2023,Post Office Act 2023,Post Office Act,2023,Active (from June 2024),Replaced Post Office Act 1898; modernized postal services regulation,Postal Department & Users,Department of Posts,Low
162,New Law 2025,DPDP Rules 2025,DPDP Rules 2025,Digital Personal Data Protection Rules,2025,Active (Notified Feb 2025),Rules under DPDP Act; consent manager; data localisation details,Data Fiduciaries,Data Protection Board,High
163,New Law 2025,Waqf Amendment Act 2025,Waqf Amendment 2025,Waqf (Amendment) Act,2025,Active,Non-Muslim members in Waqf Boards; survey powers to Collector,Muslim Community,Waqf Board / Courts,High
164,Criminal Law,Kidnapping & Abduction,Section 137-140 BNS,Bharatiya Nyaya Sanhita,2023,Active,Kidnapping from India and lawful guardianship,All Persons,Sessions Court,High
165,Criminal Law,Robbery & Dacoity,Section 309-310 BNS,Bharatiya Nyaya Sanhita,2023,Active,Theft with force; gang robbery provisions,All Persons,Sessions Court,High
166,Criminal Law,Forgery,Section 336-340 BNS,Bharatiya Nyaya Sanhita,2023,Active,Making false documents; forged currency,All Persons,Sessions Court / Magistrate,High
167,Criminal Law,Criminal Trespass,Section 329-334 BNS,Bharatiya Nyaya Sanhita,2023,Active,Entering property without authorization,All Persons,Magistrate Court,Medium
168,Criminal Law,Public Nuisance,Section 270-294 BNS,Bharatiya Nyaya Sanhita,2023,Active,Acts causing nuisance to public health or safety,All Persons,Magistrate Court,Low
169,Criminal Law,Stalking,Section 78 BNS,Bharatiya Nyaya Sanhita,2023,Active,Following or monitoring a woman without consent; cyberstalking,Women,Magistrate Court,High
170,Criminal Law,Voyeurism,Section 77 BNS,Bharatiya Nyaya Sanhita,2023,Active,Watching or capturing intimate acts without consent,Women,Magistrate Court,High
171,Transport Law,Motor Vehicles Act,MVA 1988,Motor Vehicles Act,1988,Active (Amended 2019),"Vehicle registration, driving licence, traffic offences, compensation",All Road Users,Motor Accident Claims Tribunal,High
172,Transport Law,Merchant Shipping Act,MS Act 1958,Merchant Shipping Act,1958,Active,Regulation of Indian shipping; maritime safety,Shipping Companies,DG Shipping / Admiralty Court,Medium
173,Transport Law,Airports Authority Act,AAI Act 1994,Airports Authority of India Act,1994,Active,Management of civil aviation infrastructure; airports,Airlines & Passengers,AAI / DGCA,Medium
174,Transport Law,Railways Act,Railways Act 1989,Railways Act,1989,Active,"Safety, operations and services of railways; compensation",Railway Passengers,Railway Claims Tribunal,High
175,Transport Law,Carriage by Air Act,CBAA 1972,Carriage by Air Act,1972,Active,Warsaw Convention; airline liability for passengers,Air Passengers,Consumer Forum / Courts,Medium
176,Social Welfare,Mahatma Gandhi NREGA,MGNREGA 2005,Mahatma Gandhi National Rural Employment Guarantee Act,2005,Active,100 days guaranteed employment; wage payment within 15 days,Rural Workers,Gram Panchayat / State Government,High
177,Social Welfare,National Food Security Act,NFSA 2013,National Food Security Act,2013,Active,Subsidized food grains to 67% population under PDS,Below Poverty Line Families,State Food Commission,High
178,Social Welfare,Building & Other Construction Workers,BOCW Act 1996,Building and Other Construction Workers Act,1996,Active,Registration and welfare of construction workers; cess,Construction Workers,State Building Workers Board,Medium
179,Social Welfare,Unorganized Workers Social Security,UWSS Act 2008,Unorganized Workers Social Security Act,2008,Active,Social security for unorganized sector workers,Unorganized Workers,National Social Security Board,Medium
180,Sports Law,Sports Authority of India,SAI Act 2021 (Proposed),National Sports Governance Bill,2025,Pending,Statutory governance of national sports federations,Sports Bodies,Sports Ministry,Medium
181,Sports Law,Anti-Doping Rules,NADA Rules,National Anti-Doping Rules,2021,Active (Aligned with WADA 2021),Prohibition of doping in sports; testing and sanctions,Athletes,NADA / NDTF,High
182,Procedural Law,Supreme Court Rules,SC Rules 2013,Supreme Court Rules,2013,Active (Amended 2024),Procedure for filing cases before Supreme Court,Litigants,Supreme Court of India,High
183,Procedural Law,Lok Adalat,LASA Act 1987,Legal Services Authorities Act,1987,Active,Pre-litigation and court-referred dispute settlement,All Disputants,Lok Adalat,High
184,Procedural Law,Online Dispute Resolution,ODR Framework 2023,ODR Policy Committee Report (MeitY-DoJ),2023,Active,Technology-enabled dispute resolution; faster claims settlement,All Disputants,ODR Platforms,Medium
185,Anti-Corruption,Whistleblower Protection Rules,WBP Rules 2014,Whistle Blowers Protection Rules,2014,Active,Confidentiality of complainant; central vigilance officer,Government Employees,Competent Authority,High
186,Anti-Corruption,CVC Act,CVC Act 2003,Central Vigilance Commission Act,2003,Active,Independent body to oversee vigilance in central government,Public Servants,Central Vigilance Commission,High
187,Tax Law,GST E-Invoicing,GST E-Invoice Rules,GST E-Invoicing Regulations,2020,Active (Mandatory for turnover >5 Cr from 2023),Mandatory electronic invoice; IRN generation from IRP,Businesses above threshold,GST Portal / GSTIN,High
188,Tax Law,GST Annual Return,GSTR-9 Rules,GST Annual Return Rules,2017,Active,Annual reconciliation of GST; GSTR-9 and GSTR-9C,All GST Registrants,GST Authority,High
189,Family Law,Guardianship in Hindu Law,Section 6 HMA,Hindu Minority and Guardianship Act,1956,Active,Father is natural guardian; mother in certain cases,Hindu Minors,Family Court,Medium
190,Family Law,Maintenance of Wife,Section 125 CrPC / 144 BNSS,Bharatiya Nagarik Suraksha Sanhita,2023,Active,"Magistrate can order maintenance for wife, children, parents",Dependents,Magistrate Court,High
191,Family Law,Mutual Consent Divorce,Section 13B HMA,Hindu Marriage Act,1955,Active,Divorce by mutual consent; 6 months cooling period (waivable),Married Couples,Family Court,High
192,Family Law,Irretrievable Breakdown (Proposed),Marriage Laws Amendment Bill,Marriage Laws (Amendment) Bill,2010,Pending,Divorce on grounds of irretrievable breakdown,Married Couples,Family Court / Parliament,Medium
193,Property Law,Easements Act,EA 1882,Indian Easements Act,1882,Active,"Rights of way, light, support over others' property",Property Owners,Civil Court,Medium
194,Property Law,Urban Land Ceiling (Repealed),ULC Act 1976,Urban Land (Ceiling and Regulation) Act,1976,Repealed (1999 Central; some states retain),Ceiling on urban land holdings; surplus land vesting in govt,Urban Landowners,N/A,Low
195,Financial Law,SEBI LODR Regulations,SEBI LODR 2015,SEBI (Listing Obligations and Disclosure Requirements) Regulations,2015,Active (Amended 2023),Disclosure requirements for listed companies; corporate governance,Listed Companies,SEBI,High
196,Financial Law,SEBI Insider Trading Regulations,SEBI PIT 2015,SEBI (Prohibition of Insider Trading) Regulations,2015,Active (Amended 2022),Prohibition of trading on unpublished price-sensitive information,Company Insiders,SEBI,High
197,Financial Law,SEBI Takeover Code,SEBI SAST 2011,SEBI (Substantial Acquisition of Shares and Takeovers) Regulations,2011,Active,Open offer trigger at 25% shareholding; price determination,Acquirers & Target Companies,SEBI,High
198,Arbitration Law,International Commercial Arbitration,Part II A&C Act,Arbitration and Conciliation Act (International),1996,Active,Enforcement of foreign arbitral awards under New York Convention,International Parties,High Court / Supreme Court,High
199,Cyber Law,IT Act - Cyber Terrorism,Section 66F IT Act,Information Technology Act,2000,Active,Cyber attacks on critical infrastructure; life imprisonment,All Persons,Sessions Court / NIA,High
200,Cyber Law,Aadhaar Act,Aadhaar Act 2016,Aadhaar (Targeted Delivery of Financial and Other Subsidies) Act,2016,Active (Amended 2019),Biometric identity; voluntary use for private entities,All Residents,UIDAI / Courts,High
201,Environmental Law,Coastal Regulation Zone,CRZ Notification 2019,Coastal Regulation Zone Notification,2019,Active,Regulation of construction activities in coastal areas,Coastal Developers,National Coastal Zone Management Authority,High
202,Environmental Law,Solid Waste Management Rules,SWM Rules 2016,Solid Waste Management Rules,2016,Active (Amended 2024),Waste segregation; composting obligations; landfill restrictions,Urban Local Bodies,Central Pollution Control Board,Medium
203,Tax Law,Tax Deducted at Source - Section 194C,Section 194C IT Act,Income Tax Act (TDS on Contractor Payments),1961,Active (Updated 2024),"1-2% TDS on payments to contractors above Rs 30,000",Deductors,Income Tax Department,Medium
204,Tax Law,Advance Tax Provisions,Section 207-219 IT Act,Income Tax Act (Advance Tax),1961,Active,Quarterly advance tax payment schedule for all assessees,All Taxpayers,Income Tax Department,Medium
205,Company Law,NCLT Rules,NCLT Rules 2016,National Company Law Tribunal Rules,2016,Active,Procedure for NCLT; insolvency and company matters,Companies & Creditors,NCLT,High
206,Company Law,OPC (One Person Company),Section 2(62) Companies Act,Companies Act 2013,2013,Active (Eased 2021),Single member company; conversion rules; relaxed compliance,Solo Entrepreneurs,ROC,Medium
207,Company Law,Startup India,DPIIT Startup Policy,Startup India Action Plan & Rules,2016,Active (Ongoing 2026),"Tax exemption, funding support, easier compliance for startups",Startups,DPIIT / Tax Authorities,High
208,Criminal Law,Anti-Trafficking Law,ITPA 1956,Immoral Traffic (Prevention) Act,1956,Active,Prevention of trafficking for prostitution; rescue and rehabilitation,All Persons,Special Court / Anti-Trafficking Unit,High
209,Criminal Law,Gambling Act (Central),Public Gambling Act 1867,Public Gambling Act,1867,Active (State subject),Prohibition of public gambling; subject to state legislation,All Persons,Magistrate Court,Medium
210,Criminal Law,Prevention of Cruelty to Animals,PCA Act 1960,Prevention of Cruelty to Animals Act,1960,Active (Amended 2022),Prevention of unnecessary pain to animals; penalties enhanced,All Persons,Magistrate Court,Medium
211,Administrative Law,Central Information Commission,RTI Act Rules 2012,Right to Information (Regulation of Fee and Cost) Rules,2012,Active,RTI fee structure; appeal timeline; penalty on PIO,RTI Applicants,Central Information Commission,High
212,Administrative Law,Service Rules - Central Govt,CCS Rules 1965,"Central Civil Services (Classification, Control and Appeal) Rules",1965,Active (Amended 2023),Disciplinary proceedings for central government employees,Central Govt Employees,CAT / Departmental Authority,Medium
213,Labour Law,EPFO Rules,EPF Scheme 1952,Employees Provident Fund Scheme,1952,Active (Amended 2024),12% employer and employee contribution; withdrawal rules,Employees & Employers,EPFO,High
214,Labour Law,ESI Scheme,ESI Act 1948,Employees State Insurance Act,1948,Active,Medical and cash benefits to insured workers; 6.5% combined contribution,Employees & Employers,ESIC,High
215,Labour Law,Inter-State Migrant Workers,ISMW Act 1979,Inter-State Migrant Workmen (Regulation of Employment) Act,1979,Active,Protection of migrant workers; displacement allowance,Migrant Workers,Labour Commissioner,Medium
216,Healthcare Law,AYUSH Regulation,AYUSH Ministry Rules,Indian Medicine Central Council Act,1970,Active (Amended 2020),"Regulation of Ayurveda, Yoga, Naturopathy, Unani, Siddha, Homeopathy",AYUSH Practitioners,Central Council of Indian Medicine,Medium
217,Healthcare Law,Clinical Trial Rules,CT Rules 2019,New Drugs and Clinical Trials Rules,2019,Active (Amended 2023),Ethics committee approval; informed consent; compensation for trial-related injury,Pharma Companies & Patients,CDSCO,High
218,Property Law,PMAY Scheme,PMAY 2015,Pradhan Mantri Awas Yojana,2015,Active (Extended to 2026),Affordable housing subsidy under Credit Linked Subsidy Scheme,Low-Income Groups,NHB / State Governments,High
219,Property Law,Model Tenancy Act,MTA 2021,Model Tenancy Act,2021,Active (States to adopt),Written rent agreement mandatory; rent authority; dispute resolution,Landlords & Tenants,Rent Authority / Courts,High
220,Financial Law,Account Aggregator Framework,RBI AA Framework,Master Direction on Account Aggregator,2021,Active (Expanded 2024),Consent-based sharing of financial data across institutions,Bank Customers & Financial Entities,Reserve Bank of India,High
221,Financial Law,NACH Mandate Rules,NPCI NACH Rules,National Automated Clearing House Rules,2017,Active,Electronic clearing for recurring payments; eNACH mandate,Banks & Customers,NPCI / RBI,Medium
222,Cyber Law,Cybersecurity Framework,NCIIPC Guidelines,National Cyber Security Policy and NCIIPC Guidelines,2013,Active (Updated 2024),Protection of critical information infrastructure; CERT-In reporting,Critical Sector Entities,NCIIPC / CERT-In,High
223,Cyber Law,CERT-In Directions 2022,CERT-In Directions,Information Technology (CERT-In) Directions,2022,Active,6-hour incident reporting; mandatory log retention for 180 days,All Organizations,CERT-In,High
224,IP Law,Traditional Knowledge Digital Library,TKDL,Traditional Knowledge Digital Library (Defensive publication),2001,Active (Ongoing),Documentation of traditional knowledge to prevent biopiracy,Knowledge Holders,CSIR / Patent Office,Medium
225,IP Law,Semiconductor Layout Design,SLDI Act 2000,Semiconductor Integrated Circuits Layout-Design Act,2000,Active,Protection of semiconductor layout designs; 10-year term,Chip Designers,Semiconductor Registry,Low
226,Social Welfare,PM Jan Dhan Yojana,PMJDY 2014,Pradhan Mantri Jan Dhan Yojana,2014,Active (Ongoing 2026),Zero-balance bank accounts; accident insurance; overdraft facility,Unbanked Individuals,Banks / Ministry of Finance,High
227,Social Welfare,PM Mudra Yojana,PMMY 2015,Pradhan Mantri Mudra Yojana,2015,Active (Ongoing 2026),"Loans up to Rs 10 lakh for small businesses; Shishu, Kishor, Tarun",Small Entrepreneurs,Banks / MFIs,High
228,Disaster Management,National Disaster Response Force Act,NDRF Rules 2008,National Disaster Response Force Rules,2008,Active,Establishment and operational rules of NDRF battalions,NDRF Personnel,NDMA,Low
229,Transport Law,Road Safety Rules 2023,MV Amendment 2019 Notified Rules,Motor Vehicles (Amendment) Act Implementation Rules,2023,Active,Increased penalties for traffic violations; automated enforcement,All Road Users,Traffic Police / RTO,High
230,Constitutional Law,Emergency Provisions,Articles 352-360,Constitution of India,1950,Active,"National emergency, state emergency, financial emergency provisions",Government,Parliament / President,High
231,Constitutional Law,Directive Principles,Articles 36-51,Constitution of India,1950,Active (Non-justiciable),Guiding principles for state policy; not enforceable in court,State Government,N/A - Policy Guidance,Low
232,Constitutional Law,Fundamental Duties,Article 51A,Constitution of India (42nd Amendment),1976,Active (Non-justiciable),11 fundamental duties of Indian citizens,All Citizens,N/A - Moral Obligation,Low
233,Criminal Law,Disproportionate Assets,Section 13(1)(e) PC Act,Prevention of Corruption Act,1988,Active,Possession of assets disproportionate to known income sources,Public Servants,Special Court,High
234,Criminal Law,Money Laundering (PMLA) Amendment 2023,PMLA Amendment 2023,Prevention of Money Laundering Act (Amendment),2023,Active,Expanded definition; reporting entities include advocates & CAs,Financial Professionals,Enforcement Directorate,High
235,Environmental Law,Climate Change Policy,NAPCC 2008,National Action Plan on Climate Change,2008,Active (Updated goals 2023),"8 national missions on solar energy, water, forests, etc.",All Sectors,Ministry of Environment,Medium
236,Environmental Law,Hazardous Waste Rules,HW Rules 2016,Hazardous and Other Wastes (Management) Rules,2016,Active (Amended 2022),"Handling, storage and disposal of hazardous waste; manifest system",Industries,State Pollution Control Board,Medium
237,Media Law,OTT Platform Regulations,IT (Intermediary) Rules Part III,Information Technology Rules (OTT Self-Regulation),2021,Active,Three-tier grievance redressal for digital content creators,OTT Platforms & Content Creators,MIB / Courts,High
238,Media Law,Fake News Regulations,IT Rules 2023 Amendment,Information Technology (Amendment) Rules 2023,2023,Active (Stayed by HC),Fact-checking unit for government-related content; PIB FCU,Digital Publishers,MIB / PIB,High
239,Election Law,Election Commission Powers,Articles 324-329,Constitution of India,1950,Active,Superintendence and control over elections by Election Commission,Election Commission,Supreme Court,High
240,Election Law,Voter Verifiable Paper Audit Trail,ECI VVPAT Rules,Conduct of Elections Rules (VVPAT),2013,Active,Paper trail for electronic voting machines,Voters,Election Commission of India,High
241,Agriculture Law,Minimum Support Price,CACP Recommendations,Commission for Agricultural Costs and Prices MSP System,1965,Active (Enhanced 2024),Price support for 23 agricultural commodities by government,Farmers,State Procurement Agencies,High
242,Agriculture Law,PM Fasal Bima Yojana,PMFBY 2016,Pradhan Mantri Fasal Bima Yojana,2016,Active (Restructured 2020),Crop insurance at subsidized premium; cluster-based bidding,Farmers,Insurance Companies / Agriculture Dept,High
243,Social Welfare,Ayushman Bharat PMJAY,PMJAY 2018,Pradhan Mantri Jan Arogya Yojana,2018,Active (Expanded 2024),Health coverage up to Rs 5 lakh per year for poor families,Below Poverty Line Families,NHA / State Health Agencies,High
244,Social Welfare,Old Age Pension Schemes,IGNOAPS,Indira Gandhi National Old Age Pension Scheme,2007,Active,Monthly pension for BPL citizens above 60 years,Senior Citizens below Poverty Line,State Social Welfare Department,High
245,Company Law,CSR Requirements,Section 135 Companies Act,Companies Act 2013 (CSR Provisions),2013,Active (Amended 2021),2% of net profit on CSR activities for eligible companies,Large Companies,ROC / MCA,High
246,Company Law,IBBI - Insolvency Professionals,IBBI Regulations 2016,Insolvency and Bankruptcy Board of India Regulations,2016,Active (Amended 2023),"Regulation of insolvency professionals, agencies and information utilities",Insolvency Professionals,IBBI,High
247,Banking Law,UPI Regulation,NPCI UPI Circular,NPCI UPI Product Circulars and RBI Guidelines,2016,Active (Updated 2025),UPI transaction limits; dispute resolution; wallet interoperability,UPI Users & PSPs,NPCI / RBI,High
248,Banking Law,Digital Lending Guidelines,RBI Digital Lending Rules 2022,Reserve Bank of India Digital Lending Guidelines,2022,Active,Loan disbursement to bank account only; KFS mandatory; cooling period,Digital Lenders & Borrowers,Reserve Bank of India,High
249,IP Law,Patent Agent Examination,Patent Agent Rules 2003,The Patents Rules (Patent Agent),2003,Active (Amended 2024),Qualification and examination for patent agents,Patent Agents,Indian Patent Office,Low
250,Tax Law,Faceless Assessment Scheme,Faceless Assessment 2020,Income Tax (Faceless Assessment) Scheme,2020,Active (Amended 2022),Online income tax assessment without personal contact; random allocation,All Taxpayers,Income Tax Department,High
251,Cyber Law,UPI One World,UPI One World 2023,NPCI UPI One World for Foreign Nationals,2023,Active,UPI access for foreign nationals visiting India without Indian bank account,Foreign Nationals in India,NPCI,Low
252,Criminal Law,Anti-Trafficking (NIA Act),NIA Amendment 2019,National Investigation Agency (Amendment) Act,2019,Active,"NIA jurisdiction over trafficking, cyberterrorism, WMD offences",Accused & Victims,NIA / Special Court,High
253,Environmental Law,Battery Waste Management Rules,BWM Rules 2022,Battery Waste Management Rules,2022,Active,EPR for battery manufacturers; collection and recycling targets,Battery Manufacturers & Importers,CPCB / SPCB,Medium
254,Transport Law,Electric Vehicle Policy,EV Policy 2023-2024,PM E-DRIVE Scheme and EV Import Duty Relaxation Policy,2024,Active,Import duty reduction for EVs; FAME-III subsidy scheme,EV Manufacturers & Buyers,Ministry of Heavy Industries,High
255,Social Welfare,SVAMITVA Scheme,SVAMITVA 2020,Survey of Villages and Mapping with Improvised Technology in Village Areas,2020,Active (Ongoing 2026),Property rights to rural households; drone survey; property cards,Rural Property Holders,Ministry of Panchayati Raj,High
256,Administrative Law,E-Courts Project,E-Courts Phase III,National Policy and Action Plan for Implementation of ICT in Indian Courts,2023,Active (Phase III 2023-27),Digitization of courts; case management system; hybrid hearings,Litigants & Lawyers,Supreme Court eCommittee,High
257,Arbitration Law,Domestic Award Enforcement,Order 21 CPC & Arbitration Act,CPC Order 21 (Execution) & A&C Act Section 36,1996,Active,Domestic awards enforceable as court decrees; automatic stay removed,Award Holders,District Court / HC,High
258,Family Law,Surrogacy Regulation Act,SRA 2021,Surrogacy (Regulation) Act,2021,Active,Altruistic surrogacy only; prohibition of commercial surrogacy,Intending Parents & Surrogates,National/State Surrogacy Board,High
259,Family Law,Assisted Reproductive Technology Act,ART Act 2021,Assisted Reproductive Technology (Regulation) Act,2021,Active,Regulation of ART clinics and banks; rights of donors,ART Clinics & Patients,National ART Registry,High
260,Company Law,Start-Up Recognition,DPIIT Startup Registration Rules,Startup India - DPIIT Recognition and Tax Exemption Rules,2016,Active (Updated 2023),DPIIT recognition criteria; Section 80-IAC tax holiday for 3 years,Recognized Startups,DPIIT / Income Tax Authority,High
261,Financial Law,IFSC Regulations,IFSC Authority Act 2019,International Financial Services Centres Authority Act,2019,Active,Unified regulator for GIFT City IFSC; global financial services,IFSC Entities,IFSCA,High
262,Criminal Law,Gangsters Act (UP),UP Gangsters Act 1986,Uttar Pradesh Gangsters and Anti-Social Activities (Prevention) Act,1986,Active (Amended 2023),State-level anti-gangster provisions; property attachment,Gangsters (UP),UP Police / Courts,High
263,Criminal Law,MCOCA (Maharashtra),MCOCA 1999,Maharashtra Control of Organised Crime Act,1999,Active,Organized crime control; special courts; bail restrictions,Organized Crime (Maharashtra),Special Court (Maharashtra),High
264,Property Law,RERA Penalty Provisions,Section 61 RERA,Real Estate (Regulation and Development) Act,2016,Active,5% project cost penalty on builder for non-compliance,Real Estate Developers,RERA Authority,High
265,Property Law,Stamp Duty on E-Transactions,IT Act Section 10A,Information Technology Act (Electronic Contracts),2000,Active,Electronic contracts valid; stamp duty implications for digital agreements,Digital Contract Parties,Stamp Authority,Medium
266,Labour Law,Gig Workers Protection,Code on Social Security 2020,Code on Social Security (Gig Worker Provisions),2020,Active (State rules pending),Gig and platform workers covered for social security benefits,Gig Workers,National Social Security Board,High
267,Labour Law,Fixed Term Employment,FTE Rules 2018,Industrial Employment (Standing Orders) Amendment Rules,2018,Active (Codified 2020),Fixed term workers get same benefits as permanent workers; no retrenchment,Fixed Term Employees,Labour Court,High
268,Tax Law,TDS on Crypto (Section 194S),Section 194S IT Act,Income Tax Act (TDS on VDA transfer),2022,Active,"1% TDS on transfer of virtual digital assets above Rs 10,000",Crypto Traders,Income Tax Department,High
269,Tax Law,Angel Tax Exemption,CBDT Notification 2023,Income Tax (Angel Tax Exemption for Foreign Investors),2023,Active,Startups with DPIIT recognition exempt from angel tax; foreign investors included,Startups & Angel Investors,Income Tax Department,High
270,Healthcare Law,Telemedicine Guidelines,Telemedicine Guidelines 2020,Telemedicine Practice Guidelines (MCI/NMC),2020,Active,Registered doctors can provide telehealth; video/audio/text consultation,Doctors & Patients,National Medical Commission,High
271,Healthcare Law,National Medical Commission Act,NMC Act 2020,National Medical Commission Act,2020,Active,Replaced MCI; undergraduate medical education regulation; exit exam,Medical Institutions & Students,National Medical Commission,High
272,Administrative Law,PM Gati Shakti Portal,PM GS Policy 2021,PM Gati Shakti - National Master Plan,2021,Active (Ongoing 2026),Multi-modal infrastructure connectivity; integrated planning,Infrastructure Developers,Ministry of Commerce & Industry,Medium
273,Cyber Law,National Cybersecurity Strategy,NCS 2020,National Cyber Security Strategy,2020,Active (Updated 2025),Comprehensive cybersecurity policy; sector-specific guidelines,All Digital Entities,NSCS / MeitY,High
274,Election Law,Electoral Bonds (Struck Down),Electoral Bonds Scheme 2018,Electoral Bonds Scheme,2018,Struck down by SC 2024,Anonymous political funding through SBI; struck down as unconstitutional,Political Parties & Donors,Supreme Court of India,High
275,Criminal Law,E-FIR Provisions,Section 173(1) BNSS,Bharatiya Nagarik Suraksha Sanhita,2023,Active,Online/electronic FIR registration for certain offences,Complainants,Police / E-Portal,High
276,Criminal Law,Proclamation & Attachment BNSS,Section 84-90 BNSS,Bharatiya Nagarik Suraksha Sanhita,2023,Active,Proclamation of persons absconding; attachment of their property,Courts & Police,Sessions Court,Medium
277,Immigration Law,OCI Card Rules,OCI Rules,Citizenship (Amendment) Rules (OCI Provisions),2004,Active (Updated 2021),Overseas Citizen of India card; lifelong visa; property rights restricted,Indian Diaspora,Ministry of Home Affairs,High
278,Agriculture Law,Organic Farming Certification,NPOP Rules,National Programme for Organic Production Rules,2001,Active (Updated 2023),Organic certification standards; Jaivik Bharat logo,Organic Farmers & Exporters,APEDA,Medium
279,Company Law,ESOP Regulations,SEBI ESOP 2021,SEBI (Share Based Employee Benefits and Sweat Equity) Regulations,2021,Active,Employee stock options in listed companies; ESOP trust rules,Listed Companies & Employees,SEBI,High
280,Financial Law,Mutual Fund Regulations,SEBI MF Reg 1996,SEBI (Mutual Funds) Regulations,1996,Active (Amended 2024),AMC obligations; NAV calculation; SID disclosure norms,Mutual Fund Houses,SEBI,High
281,Financial Law,Alternative Investment Fund Regulations,SEBI AIF 2012,SEBI (Alternative Investment Funds) Regulations,2012,Active (Amended 2024),"Regulation of private equity, venture capital, hedge funds in India",AIF Managers,SEBI,High
282,Social Welfare,Beti Bachao Beti Padhao,BBBP Scheme 2015,Beti Bachao Beti Padhao Scheme,2015,Active (Ongoing 2026),Against sex-selective abortion; girl child education incentives,Girl Child & Parents,Ministry of Women & Child Development,High
283,Family Law,One Stop Centres,OSC Scheme 2015,Sakhi One Stop Centres Scheme,2015,Active,"Integrated support to women affected by violence; shelter, legal aid, medical",Women Victims of Violence,Ministry of Women & Child Development,High
284,Criminal Law,PMLA Amendment 2023 - Bail,Section 45 PMLA,Prevention of Money Laundering Act (Bail Provisions),2023,Active,Twin conditions for bail in money laundering cases upheld by courts,PMLA Accused,Special PMLA Court,High
285,Criminal Law,Arms Act,Arms Act 1959,Arms Act,1959,Active (Amended 2019),Licensing of arms and ammunition; penalties enhanced,Arms Holders & Dealers,Licensing Authority / Courts,High
286,Criminal Law,Explosive Substances Act,ES Act 1908,Explosive Substances Act,1908,Active,Possession and use of explosive substances; death penalty possible,All Persons,Sessions Court,High
287,Property Law,Government Grants Act,Government Grants Act 1895,Government Grants Act,1895,Active,Grants of land by central government; terms and conditions binding,Government Land Grantees,Civil Court,Low
288,Environmental Law,Wetlands Conservation Rules,Wetlands Rules 2017,Wetlands (Conservation and Management) Rules,2017,Active (Amended 2022),Demarcation and wise use of wetlands; prohibited activities,Developers in Wetland Zones,State Wetland Authority,Medium
289,Healthcare Law,Drugs Price Control,DPCO 2013,Drugs (Prices Control) Order,2013,Active (Amended 2022),Price cap on essential medicines under NLEM; ceiling prices,Pharma Companies & Patients,NPPA,High
290,Company Law,Cross Border Mergers,Section 234 Companies Act,Companies Act 2013 (Cross Border Merger Rules),2017,Active,Mergers between Indian and foreign companies; RBI/NCLT approval,Multinational Companies,NCLT / RBI,High
291,Criminal Law,Fake Encounters Liability,D.K. Basu Guidelines,Supreme Court Guidelines on Custodial Deaths (D.K. Basu v State of WB),1997,Active,Mandatory procedures during arrest; liability for custodial deaths,Police Officers,High Court / NHRC,High
292,Criminal Law,Right to Free Legal Aid,Section 12 LSA Act,Legal Services Authorities Act,1987,Active,"Free legal services to poor, SC/ST, victims; NALSA mandate",Marginalized Groups,NALSA / DLSA,High
293,Arbitration Law,Emergency Arbitration,Part I A&C Act (Institutional Rules),Arbitration and Conciliation Act (Institutional Arbitration),2016,Active,"Emergency arbitrator in SIAC, ICC, MCIA rules applicable in India",International Parties,Arbitral Institutions,Medium
294,Company Law,Business Responsibility & Sustainability Report,SEBI BRSR 2021,SEBI (BRSR) Circular,2021,Active (Mandatory top 1000 companies from FY 2022-23),ESG disclosures for large listed companies; supply chain reporting,Large Listed Companies,SEBI,High
295,Financial Law,Central Bank Digital Currency,RBI CBDC Framework,Reserve Bank of India Digital Rupee (e₹) Framework,2022,Active (Pilot ongoing 2024-26),Digital version of Indian Rupee; wholesale and retail CBDC,Banks & Consumers,Reserve Bank of India,High
296,Criminal Law,Contempt of Court Act,Contempt of Courts Act 1971,Contempt of Courts Act,1971,Active,Civil and criminal contempt; simple imprisonment up to 6 months,All Persons,High Court / Supreme Court,High
297,Constitutional Law,Governor's Powers,Articles 153-161,Constitution of India,1950,Active,Governor as constitutional head of state; pardon and clemency powers,State Governments,High Court / Supreme Court,Medium
298,Environmental Law,Carbon Credits Framework,BEE PAT Scheme,Bureau of Energy Efficiency - Perform Achieve Trade Scheme,2012,Active (Updated 2023),Energy saving certificates; carbon credit market for large industries,Energy Intensive Industries,Bureau of Energy Efficiency,High
299,Administrative Law,PM eVIDYA,PM eVIDYA 2020,PM eVIDYA Programme (MoE),2020,Active (Ongoing 2026),Digital education initiative; 200 new textbooks on DIKSHA platform,Students & Teachers,Ministry of Education,Medium
300,New Law 2026,AI Regulation Framework (Proposed),AI Policy India 2025-26,India AI Mission and Proposed AI Governance Framework,2025,In Development (2026),Responsible AI development; GPAI member; AI safety standards for high-risk systems,AI Companies & Developers,MeitY / Proposed AI Regulator,High
301,Legal Advice - Rent,Rent Agreement - Minimum Terms,Model Tenancy Act 2021,Model Tenancy Act,2021,Active,"Written agreement zaroor hona chahiye; rent, duration, deposit clearly likha ho",Tenants & Landlords,Rent Authority,High
302,Legal Advice - Rent,Security Deposit Limit,MTA Section 11,Model Tenancy Act,2021,Active,Residential: max 2 months rent deposit; Commercial: max 6 months rent deposit,Tenants,Rent Authority / Courts,High
303,Legal Advice - Rent,Eviction Notice Period,MTA Section 21,Model Tenancy Act,2021,Active,Landlord must give 15 days notice for rent default; 30 days for other reasons,Tenants,Rent Court,High
304,Legal Advice - Rent,Rent Increase Rules,MTA Section 9,Model Tenancy Act,2021,Active,Rent increase only after written notice; periodic revision as per agreement,Tenants & Landlords,Rent Authority,High
305,Legal Advice - Rent,Subletting Without Permission,MTA Section 13,Model Tenancy Act,2021,Active,Sublet karna tenant ka right nahi; landlord ki written permission zaroor leni hogi,Tenants,Rent Court,Medium
306,Legal Advice - Rent,Repair Responsibility,MTA Section 16-17,Model Tenancy Act,2021,Active,Major repairs landlord ki zimmedari; Minor repairs below Rs 5000 tenant ki,Both Parties,Rent Authority,Medium
307,Legal Advice - Rent,Rent Receipt Mandatory,MTA Section 8,Model Tenancy Act,2021,Active,Landlord har mahine rent receipt dene ke liye bound hai; digital receipt valid,Tenants,Rent Authority,High
308,Legal Advice - Rent,Illegal Eviction Protection,MTA Section 24,Model Tenancy Act,2021,Active,Bina court order ke tenant ko nikalna illegal; landlord liable for damages,Tenants,Rent Court,High
309,Legal Advice - Rent,Amenities Cut Off Prohibited,MTA Section 23,Model Tenancy Act,2021,Active,Landlord bijli pani band nahi kar sakta; penalty + compensation tenant ko milega,Tenants,Rent Court,High
310,Legal Advice - Rent,Deposit Refund Rules,MTA Section 12,Model Tenancy Act,2021,Active,Deposit 1 month ke andar refund hona chahiye; deduction only for actual damage,Tenants,Rent Authority,High
311,Legal Advice - Bank Loan,Loan Agreement Red Flags,RBI Fair Practices Code,RBI Guidelines for Fair Practices Code for Lenders,2015,Active,"Hidden charges, prepayment penalty clause, floating rate terms dhyan se padhein",Borrowers,Banking Ombudsman / RBI,High
312,Legal Advice - Bank Loan,Right to Know EMI Breakup,RBI Digital Lending Guidelines 2022,Reserve Bank of India Digital Lending Guidelines,2022,Active,Bank ko KFS (Key Fact Statement) dena zaroori; APR clearly batana hoga,Borrowers,Banking Ombudsman,High
313,Legal Advice - Bank Loan,Prepayment Penalty Rules,RBI Circular 2014,RBI Circular on Prepayment Penalty,2014,Active,Floating rate home loans par prepayment penalty nahi lagegi; fixed rate par lag sakti,Home Loan Borrowers,Banking Ombudsman,High
314,Legal Advice - Bank Loan,CIBIL Score & Loan Rights,Credit Information Companies Act 2005,Credit Information Companies (Regulation) Act,2005,Active,Aap apna CIBIL score free mein ek baar dekh sakte hain; galat entry correct karwa sakte hain,All Borrowers,Credit Bureau / RBI Ombudsman,High
315,Legal Advice - Bank Loan,NPA Notice Before Action,SARFAESI Act Section 13(2),SARFAESI Act,2002,Active,Bank ko 60 days ka notice dena hoga NPA declare karne se pehle action lene ke liye,Loan Defaulters,DRT / Bank,High
316,Legal Advice - Bank Loan,Loan Recovery Harassment,RBI Recovery Agent Guidelines,RBI Guidelines on Recovery Agents,2008,Active,Recovery agent subah 7 baje se pehle ya raat 7 baje ke baad call nahi kar sakta,Loan Defaulters,Banking Ombudsman / Police,High
317,Legal Advice - Bank Loan,Right to Balance Sheet Before Auction,SARFAESI Section 13(8),SARFAESI Act,2002,Active,Property auction se pehle borrower outstanding amount chuka sakta hai aur property le sakta hai,Mortgage Borrowers,DRT,High
318,Legal Advice - Bank Loan,Personal Loan No Collateral,Contract Act + RBI Guidelines,Indian Contract Act & RBI Unsecured Loan Rules,1872,Active,Personal loan ke liye bank koi property nahi le sakta; guarantor terms clearly samjhein,Personal Loan Borrowers,Banking Ombudsman,High
319,Legal Advice - Bank Loan,Joint Loan Liability,Indian Contract Act Section 43,Indian Contract Act,1872,Active,Joint loan mein dono borrowers equally liable hain; ek ke default par dusre se recovery,Joint Loan Borrowers,Civil Court / Bank,High
320,Legal Advice - Bank Loan,Interest Rate Change Notification,RBI Master Circular,RBI Master Circular on Interest Rates on Advances,2015,Active,Bank interest rate change hone par borrower ko likhit mein suchit karna zaroori hai,All Borrowers,Banking Ombudsman,High
321,Legal Advice - Job Offer,Offer Letter vs Appointment Letter,Industrial Employment Act 1946,Industrial Employment (Standing Orders) Act,1946,Active,Offer letter conditional hota hai; appointment letter join karne ke baad milta hai legally binding,Employees,Labour Court,High
322,Legal Advice - Job Offer,Notice Period Enforceability,Indian Contract Act Section 27,Indian Contract Act,1872,Active,3 month se zyada notice period unreasonable ho sakta hai; court enforce nahi karti hamesha,Employees,Labour Court,High
323,Legal Advice - Job Offer,Non-Compete Clause India,Indian Contract Act Section 27,Indian Contract Act,1872,Active,Post-employment non-compete India mein generally enforceable nahi; restraint of trade illegal,Employees,Civil Court,High
324,Legal Advice - Job Offer,Salary Slip Mandatory,Code on Wages 2019,Code on Wages,2019,Active,Employer har employee ko salary slip dena legally bound hai; digital slip valid,All Employees,Labour Commissioner,High
325,Legal Advice - Job Offer,Probation Period Rules,Standing Orders / Contract,Industrial Employment (Standing Orders) Act,1946,Active,Probation maximum 3-6 months hona chahiye; confirmation likhit mein milni chahiye,Employees,Labour Court,Medium
326,Legal Advice - Job Offer,Wrongful Termination,Industrial Disputes Act / IR Code 2020,Industrial Relations Code,2020,Active,100+ workers ki company mein retrenchment ke liye govt permission zaroori; 1 month notice ya pay,Employees,Labour Court / Industrial Tribunal,High
327,Legal Advice - Job Offer,PF Deduction Mandatory,EPF Act / SS Code 2020,Code on Social Security,2020,Active,20+ workers: PF compulsory; employer bhi 12% contribute karta hai; koi kaat nahi sakta,Employees earning below Rs 15000,EPFO,High
328,Legal Advice - Job Offer,Overtime Pay Rules,Code on Wages 2019,Code on Wages,2019,Active,9 ghante se zyada kaam par double rate OT pay milna chahiye; compensatory off bhi valid,All Workers,Labour Commissioner,High
329,Legal Advice - Job Offer,Sexual Harassment at Workplace,POSH Act 2013,Sexual Harassment of Women at Workplace Act,2013,Active,Har company mein ICC banana zaroori; complaint ke baad 60 din mein inquiry complete honi chahiye,Women Employees,Internal Complaints Committee,High
330,Legal Advice - Job Offer,Background Check Consent,DPDP Act 2023,Digital Personal Data Protection Act,2023,Active,Employer background check ke liye candidate ki written consent lena zaroori hai,Job Candidates,Data Protection Board,High
331,Legal Advice - Insurance,Free Look Period,IRDAI Regulations,IRDAI (Protection of Policyholders Interests) Regulations,2017,Active,Policy milne ke 30 din ke andar wapas kar sakte hain; full premium refund milega,Insurance Policyholders,IRDAI / Insurance Ombudsman,High
332,Legal Advice - Insurance,Claim Rejection Rules,IRDAI Claim Regulations,IRDAI (Protection of Policyholders Interests) Regulations,2017,Active,Insurer 30 din mein claim settle kare ya reject kare; reasons likhit mein dene honge,Insurance Claimants,Insurance Ombudsman,High
333,Legal Advice - Insurance,Pre-existing Disease Disclosure,IRDAI Health Insurance Regulations,IRDAI (Health Insurance) Regulations,2016,Active,Policy lene se pehle sabhi bimariyan honestly disclose karein; nahi toh claim reject ho sakta,Health Insurance Buyers,Insurance Ombudsman,High
334,Legal Advice - Insurance,Claim Settlement Time Limit,IRDAI Circular 2015,IRDAI Circular on Claim Settlement,2015,Active,Life insurance death claim 30 din mein; health insurance cashless 1 ghante mein approve hona chahiye,Insurance Claimants,Insurance Ombudsman,High
335,Legal Advice - Insurance,Nominee Rights,Insurance Act Section 39,Insurance Act,1938,Active,Nominee ko policy amount milta hai; nominee update karwate rehna zaroori hai,Policyholders,Insurance Company / Courts,High
336,Legal Advice - Insurance,Motor Insurance Third Party,Motor Vehicles Act 1988,Motor Vehicles Act,1988,Active,Third party insurance compulsory; bina insurance gaadi chalana Rs 2000 fine + 3 months jail,Vehicle Owners,MACT / Courts,High
337,Legal Advice - Insurance,Insurance Ombudsman Complaint,IRDAI Ombudsman Rules 2017,Insurance Ombudsman Rules,2017,Active,Rs 50 lakh tak ke claims ke liye free complaint; 3 mahine mein decision aana chahiye,Insurance Complainants,Insurance Ombudsman,High
338,Legal Advice - Insurance,Policy Lapse Revival,IRDAI Life Insurance Regulations,IRDAI (Non-Linked Insurance Products) Regulations,2019,Active,Lapsed policy 5 saal ke andar revive kar sakte hain; arrears + interest pay karke,Life Insurance Policyholders,Insurance Company,Medium
339,Legal Advice - Property,Title Verification Before Buying,Transfer of Property Act 1882,Transfer of Property Act,1882,Active,Kharidte waqt 30 saal ki title history check karein; encumbrance certificate zaroor lein,Property Buyers,Civil Court / Registrar,High
340,Legal Advice - Property,RERA Registration Check,RERA Act 2016,Real Estate Regulation and Development Act,2016,Active,Naya flat kharidne se pehle RERA website par project registered hai ya nahi check karein,Home Buyers,RERA Authority,High
341,Legal Advice - Property,Sale Agreement vs Sale Deed,Registration Act 1908,Registration Act,1908,Active,Sale agreement sirf promise hai; Sale Deed register hone par hi ownership transfer hoti hai,Property Buyers,Sub-Registrar / Civil Court,High
342,Legal Advice - Property,Stamp Duty Payment,Indian Stamp Act 1899,Indian Stamp Act,1899,Active,Proper stamp duty pay karna zaroori hai; kam stamp duty par document court mein invalid,Property Buyers,Stamp Authority,High
343,Legal Advice - Property,Builder Delay Compensation,RERA Section 18,Real Estate Regulation and Development Act,2016,Active,Builder delay kare to buyer ko SBI MCLR rate par interest compensation milega ya refund,Home Buyers,RERA Authority,High
344,Legal Advice - Property,Society Maintenance Dispute,Cooperative Societies Act (State),Various State Cooperative Societies Acts,1960,Active,Society aapki parking ya amenities rokne ka adhikar nahi; maintenance rate BOD decide karta hai,Apartment Owners,Registrar of Cooperative Societies,Medium
345,Legal Advice - Property,Ancestral Property Rights,Hindu Succession Act 1956 (Amended 2005),Hindu Succession Act,2005,Active,Daughters ko bete ke barabar ancestral property mein hissa milta hai; 2005 amendment,Hindu Family Members,Civil Court,High
346,Legal Advice - Property,Will vs Inheritance,Hindu Succession Act / Indian Succession Act,Hindu Succession Act & Indian Succession Act,1956,Active,Will registered honi chahiye; bina will ke property succession law ke hisaab se banti hai,Legal Heirs,Civil Court / Probate Court,High
347,Legal Advice - Property,Mutation of Property,State Land Revenue Acts,Various State Land Revenue Acts,1900,Active,Property kharidne ke baad mutation/dakhil kharij zaroori hai; naam revenue records mein aana chahiye,Property Buyers,Tehsildar / Revenue Court,High
348,Legal Advice - Property,Power of Attorney Risks,Powers of Attorney Act 1882,Powers of Attorney Act,1882,Active,General POA se koi bhi transaction kar sakta hai; limited POA safer hai; revoke karna possible,Property Owners,Sub-Registrar / Civil Court,High
349,Legal Advice - Consumer,Online Shopping Return Policy,Consumer Protection E-Commerce Rules 2020,Consumer Protection (E-Commerce) Rules,2020,Active,Return policy clearly display honi chahiye; seller unilaterally change nahi kar sakta,Online Shoppers,Consumer Commission,High
350,Legal Advice - Consumer,Defective Product Complaint,Consumer Protection Act 2019,Consumer Protection Act,2019,Active,Defective product ke liye replacement ya refund maang sakte hain; 2 saal warranty implied,Consumers,District Consumer Commission,High
351,Legal Advice - Consumer,Service Deficiency Claim,Consumer Protection Act 2019,Consumer Protection Act,2019,Active,"Doctor, hospital, builder, bank - sabki service mein kami par consumer forum mein complaint",Service Recipients,Consumer Commission,High
352,Legal Advice - Consumer,Consumer Forum Filing Fee,CPA 2019 Rules,Consumer Protection (Consumer Disputes Redressal Commissions) Rules,2020,Active,District forum: free up to Rs 5 lakh; Rs 5-10 lakh: Rs 200; above Rs 10 lakh: Rs 400,All Consumers,Consumer Commission,High
353,Legal Advice - Consumer,Misleading Advertisement,Consumer Protection Act Section 2(28),Consumer Protection Act,2019,Active,Misleading ad dekhne par CCPA ko complaint karein; brand ko fine lag sakta hai,Consumers,Central Consumer Protection Authority,High
354,Legal Advice - Consumer,Food Quality Complaint,Food Safety and Standards Act 2006,Food Safety and Standards Act,2006,Active,Kharab khana milne par FSSAI ko complaint karein; restaurant ka license cancel ho sakta hai,Food Consumers,FSSAI / Consumer Commission,High
355,Legal Advice - Consumer,Restaurant Hidden Charges,Consumer Protection Act 2019,Consumer Protection Act,2019,Active,Service charge optional hai; restaurant force nahi kar sakta; menu price inclusive hona chahiye,Restaurant Customers,Consumer Commission / CCPA,High
356,Legal Advice - Consumer,Telecom Complaint Process,TRAI Regulations,Telecom Consumers Protection Regulations,2012,Active,Pehle telecom company ko complain karein; na sune toh TRAI consumer portal par complaint,Telecom Consumers,TRAI / Telecom Ombudsman,High
357,Legal Advice - Contract,Contract Must Be in Writing?,Indian Contract Act Section 10,Indian Contract Act,1872,Active,Verbal contracts bhi valid hain lekin proof nahi hota; written contract hamesha behtar,All Contracting Parties,Civil Court,High
358,Legal Advice - Contract,Stamp Paper Requirement,Indian Stamp Act 1899,Indian Stamp Act,1899,Active,Sabhi agreements Rs 100 stamp paper par nahi chahiye; sirf kuch specific documents par,Contracting Parties,Civil Court / Stamp Authority,Medium
359,Legal Advice - Contract,Contract With Minor,Indian Contract Act Section 11,Indian Contract Act,1872,Active,18 saal se kam umar ke saath kiya gaya contract void hai; koi legal force nahi,All Contracting Parties,Civil Court,High
360,Legal Advice - Contract,Notarized vs Registered Agreement,Registration Act 1908,Registration Act,1908,Active,Notarization aur registration alag hai; property ke liye registration zaroori hai notarization nahi,Contracting Parties,Sub-Registrar / Notary,High
361,Legal Advice - Contract,Force Majeure Clause,Indian Contract Act Section 56,Indian Contract Act,1872,Active,"Natural disaster, pandemic par kaam rok sakte hain; COVID ke cases mein courts ne accept kiya",All Contracting Parties,Civil Court / Arbitration,High
362,Legal Advice - Contract,Breach of Contract Remedy,Specific Relief Act 1963,Specific Relief Act,1963,Active,Contract todne par damages maang sakte hain ya specific performance ka order court se le sakte hain,Aggrieved Party,Civil Court,High
363,Legal Advice - Contract,Penalty Clause Validity,Indian Contract Act Section 74,Indian Contract Act,1872,Active,Penalty clause valid hai lekin court sirf actual loss tak limit kar sakti hai,Contracting Parties,Civil Court,High
364,Legal Advice - Contract,Digital/E-Contract Validity,IT Act 2000 Section 10A,Information Technology Act,2000,Active,Email ya digital platform par kiya gaya contract legally valid hai; e-signature accepted,Digital Contracting Parties,Civil Court,High
365,Legal Advice - Contract,Arbitration Clause in Contract,Arbitration and Conciliation Act 1996,Arbitration and Conciliation Act,1996,Active,Contract mein arbitration clause ho toh pehle court nahi ja sakte; arbitration mandatory,Contracting Parties,Arbitral Tribunal,High
366,Legal Advice - Contract,Unilateral Contract Changes,Indian Contract Act Section 62,Indian Contract Act,1872,Active,Ek party dusri party ki bina consent ke contract nahi badal sakti; dono ki agreement zaroori,All Contracting Parties,Civil Court,High
367,Legal Advice - Cyber Fraud,UPI Fraud Complaint Process,IT Act + RBI Guidelines,Information Technology Act & RBI Fraud Reporting Rules,2021,Active,Immediately bank ko call karein; 1930 helpline par report karein; 24 ghante mein reverse possible,UPI Fraud Victims,Cyber Crime Portal / Police,High
368,Legal Advice - Cyber Fraud,Online Shopping Fraud,Consumer Protection E-Commerce Rules 2020,Consumer Protection (E-Commerce) Rules,2020,Active,Fake website se fraud hone par cybercrime.gov.in par complaint; bank se chargeback maangein,Online Shoppers,Cyber Crime Police,High
369,Legal Advice - Cyber Fraud,Social Media Defamation,BNS Section 356 + IT Act Section 66A struck down,Bharatiya Nyaya Sanhita,2023,Active,Online defamation par BNS 356 ke tahat case file karein; platform par bhi report karein,Defamation Victims,Police / Magistrate Court,High
370,Legal Advice - Cyber Fraud,Data Breach by Company,DPDP Act 2023,Digital Personal Data Protection Act,2023,Active,Agar aapka data leak hua toh company ko Data Protection Board ko report karna hoga; compensation,Data Breach Victims,Data Protection Board,High
371,Legal Advice - Cyber Fraud,Loan App Harassment,RBI Digital Lending Guidelines 2022,RBI Guidelines on Digital Lending,2022,Active,Illegal loan apps contacts access nahi le sakti; harassment par cybercrime report + RBI complaint,Digital Loan Victims,Cyber Crime Police / RBI,High
372,Legal Advice - Cyber Fraud,Identity Theft Online,IT Act Section 66C,Information Technology Act,2000,Active,Identity theft par 3 saal jail + fine; fake account report karein; credit bureau ko bhi batayen,Identity Theft Victims,Cyber Crime Police,High
373,Legal Advice - Family,Maintenance for Wife During Separation,Section 144 BNSS,Bharatiya Nagarik Suraksha Sanhita,2023,Active,Husband employed ho aur wife nahi toh court maintenance order kar sakta hai Rs 25000+,Separated Wives,Family Court / Magistrate,High
374,Legal Advice - Family,Child Custody Rights,Hindu Minority & Guardianship Act,Hindu Minority and Guardianship Act,1956,Active,5 saal tak bacha ma ke paas rehta hai; uske baad court child welfare dekhkar decide karta hai,Separated Parents,Family Court,High
375,Legal Advice - Family,Domestic Violence Protection Order,PWDVA 2005,Protection of Women from Domestic Violence Act,2005,Active,24 ghante mein protection order mil sakta hai; mahila ghar mein rehne ka haq nahi kho sakti,Domestic Violence Victims,Magistrate Court,High
376,Legal Advice - Family,Stridhan Recovery,Hindu Law / IPC-BNS,Bharatiya Nyaya Sanhita & Hindu Law,2023,Active,"Jewelry, gifts jo shaadi mein mile wife ka stridhan hai; wapas lene ka haq hai",Married Women,Family Court / Police,High
377,Legal Advice - Family,Divorce Timeline India,Hindu Marriage Act 1955,Hindu Marriage Act,1955,Active,Contested divorce 3-5 saal; Mutual consent divorce minimum 6-18 months mein ho sakta hai,Divorcing Couples,Family Court,High
378,Legal Advice - Family,Inheritance Without Will - Muslim Law,Muslim Personal Law,Muslim Personal Law (Shariat) Application Act,1937,Active,Muslim law mein daughter ko bete ka aadha hissa milta hai; will se zyada 1/3 nahi de sakte,Muslim Heirs,Civil Court / Qazi,High
379,Legal Advice - Workplace,Wrongful Termination During Maternity Leave,Maternity Benefit Act 1961,Maternity Benefit Act,2017,Active,Maternity leave ke dauran termination illegal hai; reinstatement ya compensation milega,Pregnant Employees,Labour Court,High
380,Legal Advice - Workplace,Caste Discrimination at Workplace,SC/ST Prevention of Atrocities Act 1989,SC/ST (Prevention of Atrocities) Act,1989,Active,Workplace mein caste ke naam par discrimination atrocity hai; FIR straight darj hogi,SC/ST Employees,Special Court / Police,High
381,Legal Advice - Workplace,Disability Discrimination at Work,RPwD Act 2016,Rights of Persons with Disabilities Act,2016,Active,Government jobs mein 4% reservation; private sector mein bhi reasonable accommodation zaroori,Persons with Disabilities,State Commissioner for Disabilities,High
382,Legal Advice - Workplace,Unpaid Dues Recovery,Code on Wages 2019,Code on Wages,2019,Active,Unpaid salary ke liye Labour Commissioner ko complaint; 3 saal ka hisaab mang sakte hain,Employees,Labour Commissioner / Labour Court,High
383,Legal Advice - Police,Rights When Arrested,Section 47-60 BNSS,Bharatiya Nagarik Suraksha Sanhita,2023,Active,Arrest hone par reason batana zaroori; ek family member ko inform karna police ka farz,Arrested Persons,Magistrate / High Court,High
384,Legal Advice - Police,FIR Registration Rights,Section 173 BNSS,Bharatiya Nagarik Suraksha Sanhita,2023,Active,Police FIR likhne se mana nahi kar sakti; SP ko complaint ya e-FIR file kar sakte hain,All Citizens,Police / SP / Magistrate,High
385,Legal Advice - Police,Bail Rights After Arrest,Section 478-498 BNSS,Bharatiya Nagarik Suraksha Sanhita,2023,Active,Bailable offence mein bail ka haq hai; 24 ghante mein magistrate ke samne pesh karna zaroori,Arrested Persons,Magistrate Court,High
386,Legal Advice - Police,Traffic Challan Rights,Motor Vehicles Act 1988,Motor Vehicles Act,1988,Active,E-challan ko 30 din mein contest kar sakte hain; without vehicle document original nahi de sakte,Vehicle Owners,Traffic Court / RTO,High
387,Legal Advice - Police,Custodial Torture Rights,Article 21 Constitution + D.K. Basu Guidelines,Constitution of India & Supreme Court Guidelines,1997,Active,Police torture kare toh NHRC aur SP ko complaint; writ of habeas corpus file karein,Detained Persons,High Court / NHRC,High
388,Legal Advice - Senior Citizen,Senior Citizen Maintenance from Children,MWPSC Act 2007 (Amended 2019),Maintenance and Welfare of Parents and Senior Citizens Act,2007,Active,Children se Rs 10000/month tak maintenance 90 din mein milega; SDM tribunal free mein,Senior Citizens (60+),Sub-Divisional Magistrate Tribunal,High
389,Legal Advice - Senior Citizen,Property Transfer Reversal,MWPSC Act Section 23,Maintenance and Welfare of Parents and Senior Citizens Act,2007,Active,Agar bachon ne property le li aur care nahi ki toh transfer void karwa sakte hain court se,Senior Citizens,Sub-Divisional Magistrate,High
390,Legal Advice - Senior Citizen,Senior Citizen Bank Account Benefits,RBI Circular on Senior Citizens,RBI Guidelines for Senior Citizens,2020,Active,75+ senior citizens ko sirf ITR file karna hai TDS nahi; special FD rates milte hain,Senior Citizens (75+),Banks / Income Tax Dept,High
391,Legal Advice - Student,College Fee Refund Rules,UGC Notification 2018,UGC (Refund of Fees) Notification,2018,Active,Admission cancel karne par 15 din mein fees refund honi chahiye minus Rs 1000 processing fee,Students,UGC / Consumer Commission,High
392,Legal Advice - Student,Education Loan Repayment,Indian Banks Association Model Scheme,IBA Model Education Loan Scheme,2012,Active,Course khatam hone ke 1 saal baad ya job milne ke 6 mahine baad EMI start hoti hai,Education Loan Borrowers,Banks / DRT,High
393,Legal Advice - Student,Anti-Ragging Complaint,UGC Anti-Ragging Regulations 2009,UGC Regulations on Curbing Ragging,2009,Active,1800-180-5522 helpline; FIR darj hogi; college ka NAAC grade affect hoga,Students,Anti-Ragging Committee / Police,High
394,Legal Checklist,Home Loan Document Checklist,RBI + NHB Guidelines,RBI and National Housing Bank Guidelines,2022,Active,"ID proof, income proof, ITR 3 saal, property documents, sale agreement, NOC from builder",Home Loan Applicants,Banks / NHB,High
395,Legal Checklist,Rent Agreement Checklist,Model Tenancy Act 2021,Model Tenancy Act,2021,Active,"Names, property address, rent amount, deposit, duration, maintenance terms, notice period clearly likhein",Tenants & Landlords,Rent Authority,High
396,Legal Checklist,Property Purchase Checklist,Registration Act + RERA,Registration Act & RERA Act,2016,Active,"Title deed, EC, building plan approval, OC, RERA registration, mutation, no dues certificate",Property Buyers,Sub-Registrar / RERA,High
397,Legal Checklist,Employment Contract Red Flags,Indian Contract Act + Labour Codes,Indian Contract Act & Labour Codes,2020,Active,"Dhyan rakhein: unlimited notice period, IP ownership clause, non-compete, probation extension clause",Job Seekers,Labour Court,High
398,Legal Checklist,Insurance Policy Checklist,IRDAI Regulations,IRDAI (Protection of Policyholders Interests) Regulations,2017,Active,"Waiting period, exclusions, sum insured, cashless hospitals list, claim process - sabhi padhe",Insurance Buyers,Insurance Ombudsman,High
399,Legal Checklist,Business Agreement Checklist,Indian Contract Act 1872,Indian Contract Act,1872,Active,"Parties ki details, scope of work, payment terms, penalty, dispute resolution, termination clause",Business Owners,Civil Court / Arbitration,High
400,Legal Checklist,Will Making Checklist,Indian Succession Act 1925,Indian Succession Act,1925,Active,2 witnesses ki zaroorat; executor appoint karein; all assets list karein; registered will preferred,All Adults,Sub-Registrar / Probate Court,High
